topic_name,image,url,grade
10までのかず,https://media.eboard.jp/media/content_images/emath_10made_20180726.png,https://www.eboard.jp/content/158/,1
たしざん,https://media.eboard.jp/media/content_images/emath_tashizan_20180726.png,https://www.eboard.jp/content/159/,1
ひきざん,https://media.eboard.jp/media/content_images/emath_hikizan_20180726.png,https://www.eboard.jp/content/160/,1
20までのかず,https://media.eboard.jp/media/content_images/emath_20made_20180726.png,https://www.eboard.jp/content/161/,1
10よりおおきいたしざん、ひきざん,https://media.eboard.jp/media/content_images/emath_10yoriookii_20180726.png,https://www.eboard.jp/content/162/,1
100までのかず,https://media.eboard.jp/media/content_images/emath_100made_20180726.png,https://www.eboard.jp/content/163/,1
100までのたしざん、ひきざん,https://media.eboard.jp/media/content_images/emath_100madetashizan_20210331.png,https://www.eboard.jp/content/544/,1
とけいをよむ,https://media.eboard.jp/media/content_images/emath_tokei_20180802.png,https://www.eboard.jp/content/534/,1
たしざん、ひきざんのぶんしょうだい,https://media.eboard.jp/media/content_images/emath_tashizanhikizan1nen_20180726.png,https://www.eboard.jp/content/164/,1
グラフとひょう,https://media.eboard.jp/media/content_images/emath_graphtohyo_20210331.png,https://www.eboard.jp/content/535/,2
時間と生活,https://media.eboard.jp/media/content_images/emath_tokei_20180802.png,https://www.eboard.jp/content/165/,2
２けた+１けたのたしざん,https://media.eboard.jp/media/content_images/emath_2keta1keta_20180726.png,https://www.eboard.jp/content/166/,2
２けた－１けたのひきざん,https://media.eboard.jp/media/content_images/emath_2keta-1keta_20180726.png,https://www.eboard.jp/content/167/,2
２けたのひっさん,https://media.eboard.jp/media/content_images/emath_2ketanohissan_20180726.png,https://www.eboard.jp/content/169/,2
ながさをはかる,https://media.eboard.jp/media/content_images/emath_nagasa_20180726.png,https://www.eboard.jp/content/168/,2
100より大きい数（３けたの数）,https://media.eboard.jp/media/content_images/emath_3keta_20180726.png,https://www.eboard.jp/content/170/,2
かさをあらわす,https://media.eboard.jp/media/content_images/emath_kasawohakaru_20180818.png,https://www.eboard.jp/content/171/,2
２けたのたし算,https://media.eboard.jp/media/content_images/emath_2ketanotashizan_20180726.png,https://www.eboard.jp/content/172/,2
３けた－２けたのひき算,https://media.eboard.jp/media/content_images/emath_3keta-2keta_20180726.png,https://www.eboard.jp/content/173/,2
計算のくふう,https://media.eboard.jp/media/content_images/emath_keisankuhu_20210331.png,https://www.eboard.jp/content/536/,2
三角形と四角形,https://media.eboard.jp/media/content_images/emath_sankakukeitoshikakukei_20180802.png,https://www.eboard.jp/content/175/,2
かけ算と九九,https://media.eboard.jp/media/content_images/emath_kakezan_20180726.png,https://www.eboard.jp/content/174/,2
九九のきまり,https://media.eboard.jp/media/content_images/emath_kukunokimari_20210331.png,https://www.eboard.jp/content/537/,2
メートルであらわす,https://media.eboard.jp/media/content_images/emath_meterdearawasu_20210401.png,https://www.eboard.jp/content/545/,2
1000より大きい数,https://media.eboard.jp/media/content_images/emath_10000_20180726.png,https://www.eboard.jp/content/177/,2
分数（２年生）,https://media.eboard.jp/media/content_images/emath_bunsu_20210331.png,https://www.eboard.jp/content/538/,2
はこの形,https://media.eboard.jp/media/content_images/emath_hakonokatachi_20210331.png,https://www.eboard.jp/content/539/,2
文しょうだい（２年生）,https://media.eboard.jp/media/content_images/emath_bunshodai_20180802.png,https://www.eboard.jp/content/179/,2
かけ算のおさらい,https://media.eboard.jp/media/content_images/emath_kukunokimari_20210331.png,https://www.eboard.jp/content/540/,3
わり算,https://media.eboard.jp/media/content_images/emath_warizan_20180726.png,https://www.eboard.jp/content/180/,3
九九にないわり算,https://media.eboard.jp/media/content_images/emath_kukuninaiwarizan_20210301.png,https://www.eboard.jp/content/546/,3
３けたのたし算、ひき算（筆算）,https://media.eboard.jp/media/content_images/emath_3ketahissan_20180726.png,https://www.eboard.jp/content/182/,3
大きな数と計算,https://media.eboard.jp/media/content_images/emath_okinakazu_20180802.png,https://www.eboard.jp/content/183/,3
暗算で計算しよう,https://media.eboard.jp/media/content_images/emath_anzan_20210301.png,https://www.eboard.jp/content/547/,3
時間と時こく,https://media.eboard.jp/media/content_images/emath_tokei_20180802.png,https://www.eboard.jp/content/184/,3
長さをあらわす：km（キロメートル）,https://media.eboard.jp/media/content_images/emath_kyori_20180726.png,https://www.eboard.jp/content/185/,3
あまりのあるわり算,https://media.eboard.jp/media/content_images/emath_amari_20180802.png,https://www.eboard.jp/content/187/,3
かけ算の筆算（×１けた）,https://media.eboard.jp/media/content_images/emath_kakezanhissan1_20180802.png,https://www.eboard.jp/content/212/,3
三角形,https://media.eboard.jp/media/content_images/jmath_sankakukei_20180726.png,https://www.eboard.jp/content/186/,3
円と球（きゅう）,https://media.eboard.jp/media/content_images/emath_en_20180817.png,https://www.eboard.jp/content/181/,3
重さをあらわす,https://media.eboard.jp/media/content_images/emath_fundou_20180726.png,https://www.eboard.jp/content/213/,3
分数（３年生）,https://media.eboard.jp/media/content_images/emath_bunsu_20180726.png,https://www.eboard.jp/content/214/,3
小数（３年生）,https://media.eboard.jp/media/content_images/emath_shosu_20180802.png,https://www.eboard.jp/content/216/,3
表とぼうグラフ,https://media.eboard.jp/media/content_images/emath_barchart_20180802.png,https://www.eboard.jp/content/215/,3
×２けたの筆算,https://media.eboard.jp/media/content_images/emath_kakezanhissan2_20180802.png,https://www.eboard.jp/content/217/,3
□が入った式,https://media.eboard.jp/media/content_images/emath_shikakukeisan_20180726.png,https://www.eboard.jp/content/218/,3
文章題（３年生）,https://media.eboard.jp/media/content_images/emath_bunshodai_20180802.png,https://www.eboard.jp/content/219/,3
角,https://media.eboard.jp/media/content_images/emath_kaku_20180802.png,https://www.eboard.jp/content/220/,4
わり算の筆算,https://media.eboard.jp/media/content_images/emath_warizanhissan_20180726.png,https://www.eboard.jp/content/221/,4
大きな数（億、兆）とかけ算,https://media.eboard.jp/media/content_images/emath_ookinakazutokakezan_20180726.png,https://www.eboard.jp/content/222/,4
折れ線グラフ,https://media.eboard.jp/media/content_images/emath_linechart_20180802.png,https://www.eboard.jp/content/224/,4
小数（４年生）,https://media.eboard.jp/media/content_images/emath_shosu4nen_20180727.png,https://www.eboard.jp/content/225/,4
計算のきまり,https://media.eboard.jp/media/content_images/emath_keisanokimari_20180726.png,https://www.eboard.jp/content/223/,4
２けたでわる わり算の筆算,https://media.eboard.jp/media/content_images/emath_2ketanowarizan_02180726.png,https://www.eboard.jp/content/257/,4
面積,https://media.eboard.jp/media/content_images/emath_menseki_20180726.png,https://www.eboard.jp/content/226/,4
がい数（およその数）,https://media.eboard.jp/media/content_images/emath_shishagonyu_20180726.png,https://www.eboard.jp/content/258/,4
倍の見方と割合,https://media.eboard.jp/media/content_images/emath_bainomikata_20210301.png,https://www.eboard.jp/content/541/,4
直線と四角形,https://media.eboard.jp/media/content_images/emath_chokusen_20180727.png,https://www.eboard.jp/content/259/,4
小数×整数,https://media.eboard.jp/media/content_images/emath_shosukakeruseisu_20180817.png,https://www.eboard.jp/content/260/,4
小数÷整数,https://media.eboard.jp/media/content_images/emath_shoshuwaruseisu_20180817.png,https://www.eboard.jp/content/263/,4
仮分数と帯分数,https://media.eboard.jp/media/content_images/emath_kbunsutotaibunsu_20180817.png,https://www.eboard.jp/content/261/,4
変わり方調べ,https://media.eboard.jp/media/content_images/emath_kawarikata_20210301.png,https://www.eboard.jp/content/542/,4
直方体と立方体,https://media.eboard.jp/media/content_images/jmath_kukanzukei_20180726.png,https://www.eboard.jp/content/262/,4
整数と小数,https://media.eboard.jp/media/content_images/emath_sesutoshosu_20210331.png,https://www.eboard.jp/content/554/,5
体積,https://media.eboard.jp/media/content_images/emath_taiseki_20180818.png,https://www.eboard.jp/content/264/,5
比例,https://media.eboard.jp/media/content_images/emath_hirei_20210401.png,https://www.eboard.jp/content/553/,5
小数×小数,https://media.eboard.jp/media/content_images/emath_shosukakerushosu_20180817.png,https://www.eboard.jp/content/265/,5
小数÷小数,https://media.eboard.jp/media/content_images/emath_shoshuwarushosu_20180817.png,https://www.eboard.jp/content/266/,5
合同な図形、内角,https://media.eboard.jp/media/content_images/jmath_goudou_20180726.png,https://www.eboard.jp/content/267/,5
倍数と約数,https://media.eboard.jp/media/content_images/jmath_jyouhoutojyohou_20180725.png,https://www.eboard.jp/content/268/,5
約分と通分,https://media.eboard.jp/media/content_images/emath_yakubuntotsubun_20180817.png,https://www.eboard.jp/content/269/,5
分数と小数,https://media.eboard.jp/media/content_images/emath_bunsukakerushoshu_20180817.png,https://www.eboard.jp/content/271/,5
三角形・四角形の面積,https://media.eboard.jp/media/content_images/emath_sankakukeimenseki_20180817.png,https://www.eboard.jp/content/270/,5
平均、単位量あたりの大きさ,https://media.eboard.jp/media/content_images/emath_heikin_20180817.png,https://www.eboard.jp/content/272/,5
速さ,https://media.eboard.jp/media/content_images/emath_hayasa_20180817.png,https://www.eboard.jp/content/286/,5
割合,https://media.eboard.jp/media/content_images/emath_wariai_20180817.png,https://www.eboard.jp/content/273/,5
百分率と歩合,https://media.eboard.jp/media/content_images/emath_percent_20180817.png,https://www.eboard.jp/content/274/,5
帯グラフと円グラフ,https://media.eboard.jp/media/content_images/emath_piechart_20180817.png,https://www.eboard.jp/content/275/,5
円と多角形,https://media.eboard.jp/media/content_images/emath_entotakakkei_20210401.png,https://www.eboard.jp/content/276/,5
角柱と円柱,https://media.eboard.jp/media/content_images/emath_enchu_20210401.png,https://www.eboard.jp/content/555/,5
対称な図形,https://media.eboard.jp/media/content_images/emath_taishounazukei_20180817.png,https://www.eboard.jp/content/281/,6
文字と式,https://media.eboard.jp/media/content_images/jmath_mojishikitokimari_20180726.png,https://www.eboard.jp/content/283/,6
分数のかけ算,https://media.eboard.jp/media/content_images/emath_bunsukakerubunsu_20180817.png,https://www.eboard.jp/content/282/,6
分数のわり算,https://media.eboard.jp/media/content_images/emath_bunsuwarizan_20210401.png,https://www.eboard.jp/content/556/,6
比,https://media.eboard.jp/media/content_images/emath_hi_20180818.png,https://www.eboard.jp/content/284/,6
拡大と縮小,https://media.eboard.jp/media/content_images/jmath_soujina_20180726.png,https://www.eboard.jp/content/285/,6
円の面積、立体の体積,https://media.eboard.jp/media/content_images/emath_ennomenseki_20180817.png,https://www.eboard.jp/content/288/,6
比例と反比例,https://media.eboard.jp/media/content_images/emath_hireitohanpirei_20180817.png,https://www.eboard.jp/content/287/,6
場合の数,https://media.eboard.jp/media/content_images/jmath_kakuritu_20180726.png,https://www.eboard.jp/content/289/,6
データの調べ方,https://media.eboard.jp/media/content_images/jmath_histogram_20180726.png,https://www.eboard.jp/content/290/,6
